index,ID,Ventes,Remise,Revenu_Net
count,28.0,28.0,28.0,28.0
mean,114.5,412.9785714285714,0.07571428571428572,371.55250000000007
std,8.225975119502044,425.16877551386307,0.06226755718067538,385.08566611739013
min,101.0,25.5,0.0,25.5
25%,107.75,73.75,0.0,73.75
50%,114.5,245.0,0.09,218.4
75%,121.25,587.5,0.10500000000000001,511.875
max,128.0,1300.0,0.2,1170.0
